NAME,POSITION,AGENCY,ROLE
"DATUK JOHNNY MOSITUN, JP",PENGERUSI,BORNEO DEVELOPMENT CORPORATION (S) SDN BHD,PESERTA
ENCIK BOBY BIN LEWAT,PENGARAH,BORNEO DEVELOPMENT CORPORATION (S) SDN BHD,PESERTA
ENCIK CHUNG TAT SANG,PENGURUS BESAR,BORNEO DEVELOPMENT CORPORATION (S) SDN BHD,PESERTA
ENCIK RUZALIE BIN RUHIMIN,TIMBALAN PENGURUS BESAR,BORNEO DEVELOPMENT CORPORATION (S) SDN BHD,PESERTA
WONG PUI FUN,PENGURUS,BORNEO DEVELOPMENT CORPORATION (S) SDN BHD,PESERTA
MUHAMMAD SHAIFFUL ADL BIN AWANG,KETUA UNIT INTEGRITI DAN GOVERNAN,ENERGY COMMISSION OF SABAH,PESERTA
IR. TS. JEFREY NURI,KETUA JABATAN/ PENGARAH JABATAN OPERASI INDUSTRI,ENERGY COMMISSION OF SABAH,PESERTA
PUAN SITI ZELIHA BINTI MUSNEH,KETUA JABATAN / PENGARAH JABATAN KAWAL SELIA EKONOMI,ENERGY COMMISSION OF SABAH,PESERTA
MOHD ADAM BIN BOHARI,KETUA JABATAN / PENGARAH JABATAN UNDANG-UNDANG,ENERGY COMMISSION OF SABAH,PESERTA
PUAN NOOR AZEE ASHIKEEN BINTI ASNGARI,SETIAUSAHA SURUHANJAYA,ENERGY COMMISSION OF SABAH,PESERTA
JULIA MAJAIL,PENGURUS BESAR SOPIA,SABAH OIL PALM INDUSTRY AUTHORITY (SOPIA),PESERTA
MICHAEL JIMLI GUJILO,PENGURUS BESAR,LEMBAGA PEMASARAN PERTANIAN SABAH (SAMA),PESERTA
DATUK DR TS RAMLE HJ KASIN,PENGURUS BESAR LEMBAGA PADI DAN BERAS SABAH,LEMBAGA PADI DAN BERAS SABAH,PESERTA
DATUK MUSBAH BIN JAMLI,TIMBALAN PENGERUSI LEMBAGA PENGARAH,LEMBAGA PADI DAN BERAS SABAH,PESERTA
HARRY BIN IGNATIUS BEATTY,AHLI LEMBAGA PENGARAH,LEMBAGA PADI DAN BERAS SABAH,PESERTA
STACY SAMSON SOH,SETIAUSAHA EKSEKUTIF AHLI LEMBAGA PENGARAH,LEMBAGA PADI DAN BERAS SABAH,PESERTA
CECILIA AMID,GROUP CHIEF EXECUTIVE OFFICER,KKIP SDN BHD,PESERTA
DATUK AMISAH YASSIN,DEPUTY CHAIRMAN,KKIP SDN BHD,PESERTA
FAHZEAN BINTI MOHIDDIN,DIRECTOR,KKIP SDN BHD,PESERTA
YB DATUK HARUN BIN DURABI,PENGERUSI KO-NELAYAN,KORPORASI KEMAJUAN PERIKANAN DAN NELAYAN SABAH (KO-NELAYAN),PESERTA
YBHG. DATUK HAJI YUSOF BIN HAJI AG. BESAR,PENGURUS BESAR / AHLI LEMBAGA PENGARAH KO-NELAYAN,KORPORASI KEMAJUAN PERIKANAN DAN NELAYAN SABAH (KO-NELAYAN),PESERTA
ISMAIL BIN SABRAN,AHLI LEMBAGA PENGARAH KO-NELAYAN,KORPORASI KEMAJUAN PERIKANAN DAN NELAYAN SABAH (KO-NELAYAN),PESERTA
JAILIS MASARIP,PENGURUS BESAR,KORPORASI PEMBANGUNAN DESA (KPD),PESERTA
MOHD ROYZAL BIN ABDUL RAZAK,KETUA BAHAGIAN HAL EHWAL GUAMAN,KORPORASI PEMBANGUNAN DESA (KPD),PESERTA
DATUK IBRAHIM BIN LINGGAM,TIMBALAN PENGERUSI,KORPORASI PEMBANGUNAN DESA (KPD),PESERTA
DANIEL ISAAC HOONG,AHLI LEMBAGA PENGARAH,KORPORASI PEMBANGUNAN DESA (KPD),PESERTA
PUAN SYRA PETER @ P GOM,AHLI LEMBAGA PENGARAH,LEMBAGA INDUSTRI GETAH SABAH,PESERTA
"TUAN SHAHLAN BIN JUFRI, JP",AHLI LEMBAGA PENGARAH,LEMBAGA INDUSTRI GETAH SABAH,PESERTA
PUAN CLARE @ CAROLYN BT TONH SIMBAT,AHLI LEMBAGA PENGARAH,LEMBAGA INDUSTRI GETAH SABAH,PESERTA
TUAN TS. ESWADI BIN ROSLAN,PENGARAH URUSAN LIGS SOLUTIONS,LEMBAGA INDUSTRI GETAH SABAH,PESERTA
TUAN MOHD REDZUAN BIN AWANG,AHLI LEMBAGA PENGARAH TUARAN CRUMB,LEMBAGA INDUSTRI GETAH SABAH,PESERTA
DSP JAHID @ NOORDIN BIN JAHIM,AHLI LEMBAGA PENGARAH,LEMBAGA INDUSTRI GETAH SABAH,PESERTA
TUAN ALIAMIS BIN SAMI,AHLI LEMBAGA PENGARAH,LEMBAGA INDUSTRI GETAH SABAH,PESERTA
DATO' THOMAS LOVILI JIMULIS,AHLI LEMBAGA PENGARAH,LEMBAGA INDUSTRI GETAH SABAH,PESERTA
PUAN HJH JULIA BINTI LAMDIN,AHLI LEMBAGA PENGARAH,LEMBAGA INDUSTRI GETAH SABAH,PESERTA
TUAN TS. SABDIL BIN TANJONG,AHLI LEMBAGA PENGARAH,LEMBAGA INDUSTRI GETAH SABAH,PESERTA
TUAN ALEXIUS MODIUN,AHLI LEMBAGA PENGARAH,LEMBAGA INDUSTRI GETAH SABAH,PESERTA
TUAN DASAU BIN HASSAN,AHLI LEMBAGA PENGARAH,LEMBAGA INDUSTRI GETAH SABAH,PESERTA
EN. MOHD ZAHARI BIN ZININ,CHAIRMAN,LEMBAGA KEMAJUAN TANAH NEGERI SABAH (LKTNS),PESERTA
EN.HISHAM AMPONGOU ABDULLAH,DIRECTOR,LEMBAGA KEMAJUAN TANAH NEGERI SABAH (LKTNS),PESERTA
DATUK BARLUS BIN MANGABIS,CHAIRMAN,LEMBAGA KEMAJUAN TANAH NEGERI SABAH (LKTNS),PESERTA
EN.ABDUL THAUFIQ BIN JABBAR ABDUL HAQ,CHAIRMAN,LEMBAGA KEMAJUAN TANAH NEGERI SABAH (LKTNS),PESERTA
PN NORHAIZAH BINTI ABU BAKAR,DIRECTOR,LEMBAGA KEMAJUAN TANAH NEGERI SABAH (LKTNS),PESERTA
PUAN VIANNEY EVANA VIDE,DIRECTOR,LEMBAGA KEMAJUAN TANAH NEGERI SABAH (LKTNS),PESERTA
DATUK ABI WEDNES BIN GAGAMBOI,DIRECTOR,LEMBAGA KEMAJUAN TANAH NEGERI SABAH (LKTNS),PESERTA
ENCIK KIFLI BIN AISOH,DIRECTOR,LEMBAGA KEMAJUAN TANAH NEGERI SABAH (LKTNS),PESERTA
DR ZUL BAHAR BIN ABDUL RASHID,DIRECTOR,LEMBAGA KEMAJUAN TANAH NEGERI SABAH (LKTNS),PESERTA
DATIN ATIN BELYNDA BINTI BUNTOT,DIRECTOR,LEMBAGA KEMAJUAN TANAH NEGERI SABAH (LKTNS),PESERTA
YBHG DATUK SYAHEDDRUL RAHMAN JODDARI,PENGURUS BESAR LEMBAGA KEMAJUAN TANAH NEGERI SABAH,LEMBAGA KEMAJUAN TANAH NEGERI SABAH (LKTNS),PESERTA
ENCIK PINUS BIN GONDILI,AHLI LEMBAGA PENGARAH LKTNS,LEMBAGA KEMAJUAN TANAH NEGERI SABAH (LKTNS),PESERTA
YBHG EN. ZAIDI BIN JATILI,AHLI LEMBAGA PENGARAH LKTNS,LEMBAGA KEMAJUAN TANAH NEGERI SABAH (LKTNS),PESERTA
YBHG DR PETER JR NAINTIN,"AHLI LEMBAGA PENGARAH, LKTNS",LEMBAGA KEMAJUAN TANAH NEGERI SABAH (LKTNS),PESERTA
YBHG PUAN ALZREENA KHAMIS,"SETIAUSAHA LEMBAGA PENGARAH, LKTNS",LEMBAGA KEMAJUAN TANAH NEGERI SABAH (LKTNS),PESERTA
PUAN DAKIM GINSOS,PENGARAH,BATULUGA SDN. BHD.,PESERTA
PUAN AZRINA MOHD MARUF,PENGARAH URUSAN,BATULUGA SDN. BHD.,PESERTA
DOLLYN BINTI ALOYSIUS @ ATTI,BOD MEMBER - BATULUGA SDN BHD,BATULUGA SDN. BHD.,PESERTA
YB DATUK DONALD PETER MOJUNTIN,PENGERUSI LEMBAGA,LEMBAGA PELABUHAN-PELABUHAN SABAH,PESERTA
YBHG PUAN HAJAH MASTURAH BINTI HAJI JAMRAH,TIMBALAN PENGERUSI LEMBAGA,LEMBAGA PELABUHAN-PELABUHAN SABAH,PESERTA
YBHG DATUK DR. JOHNSON TEE,AHLI LEMBAGA PENGARAH,LEMBAGA PELABUHAN-PELABUHAN SABAH,PESERTA
YBHG DATUK MOHAMMED SAHID BIN HAJI NAWAB KHAN,AHLI LEMBAGA PENGARAH,LEMBAGA PELABUHAN-PELABUHAN SABAH,PESERTA
YBHG DATUK ABU BAKAR BIN GAPAR,AHLI LEMBAGA PENGARAH,LEMBAGA PELABUHAN-PELABUHAN SABAH,PESERTA
YBHG TUAN HAJI MOHD IBRAHIM BIN HAJI MOHD YASSIN @ M.Y. IBRAHIM,AHLI LEMBAGA PENGARAH,LEMBAGA PELABUHAN-PELABUHAN SABAH,PESERTA
YBHG TUAN MAKSIT BIN HAJI SAIDI,AHLI LEMBAGA PENGARAH,LEMBAGA PELABUHAN-PELABUHAN SABAH,PESERTA
PUAN MIMI SHAZMIRA BINTI MOHD SAID,AHLI LEMBAGA PENGARAH,LEMBAGA PELABUHAN-PELABUHAN SABAH,PESERTA
DATUK ASNIMAR BINTI HJ SUKARDI,AHLI LEMBAGA PENGARAH,LEMBAGA PELANCONGAN SABAH,PESERTA
ROSLINAH BT ABD HAMID,AHLI LEMBAGA PENGARAH,LEMBAGA PELANCONGAN SABAH,PESERTA
DUSIN BIN GINGGING,AHLI LEMBAGA PENGARAH,LEMBAGA PELANCONGAN SABAH,PESERTA
WALTER KANDAYON,AHLI LEMBAGA PENGARAH,LEMBAGA PELANCONGAN SABAH,PESERTA
JULINUS JEFFERY JIMIT,KETUA PEGAWAI EKSEKUTIF,LEMBAGA PELANCONGAN SABAH,PESERTA
ENCIK GABRIEL SINIT,AHLI LEMBAGA PEMEGANG AMANAH TAMAN-TAMAN SABAH,LEMBAGA PEMEGANG AMANAH TAMAN-TAMAN SABAH,PESERTA
ENCIK ROBERT PENGGAI,AHLI LEMBAGA PEMEGANG AMANAH TAMAN-TAMAN SABAH,LEMBAGA PEMEGANG AMANAH TAMAN-TAMAN SABAH,PESERTA
ENCIK FAZRULLAH RIZALLY ABD RAZAK,KETUA PENOLONG PENGARAH KANAN,LEMBAGA PEMEGANG AMANAH TAMAN-TAMAN SABAH,PESERTA
YB DATUK MASIUNG BANAH,PENGERUSI,PERBADANAN PEMBANGUNAN EKONOMI SABAH (SEDCO),PESERTA
DATUK THOMAS LOGIJIN,AHLI LEMBAGA PENGARAH,PERBADANAN PEMBANGUNAN EKONOMI SABAH (SEDCO),PESERTA
DATUK AR. JAMES WONG KEIN PENG,AHLI LEMBAGA PENGARAH / PENGURUS BESAR KUMPULAN,PERBADANAN PEMBANGUNAN EKONOMI SABAH (SEDCO),PESERTA
DATO’ HERMAN BIN ABDUL HAMID,AHLI LEMBAGA PENGARAH,PERBADANAN PEMBANGUNAN EKONOMI SABAH (SEDCO),PESERTA
TUAN HAJI AZRUL BIN HAJI AHMAD,TIMBALAN PENGURUS BESAR KUMPULAN (HAL EHWAL KORPORAT & KEWANGAN),PERBADANAN PEMBANGUNAN EKONOMI SABAH (SEDCO),PESERTA
YBHG. DATUK FLOVIA NG,PENGURUSI,PERKASA HOTEL HOLDINGS SDN. BHD.,PESERTA
BENJAMIN DENIS,PENGARAH,PERKASA HOTEL HOLDINGS SDN. BHD.,PESERTA
VALERIA VYNER PILLIN,PENGURUS BESAR,PERKASA HOTEL HOLDINGS SDN. BHD.,PESERTA
CAPT. AZAHARI AHMAD,CHIEF EXECUTIVE OFFICER,SABAH AIR AVIATION SDN BHD,PESERTA
TN. HJ. MOHD. RIFAI MOHD RAZI,DIRECTOR,SABAH AIR AVIATION SDN BHD,PESERTA
PN. REZUANA SUDIN,FINANCIAL CONTROLLER,SABAH AIR AVIATION SDN BHD,PESERTA
EN. RODNEY LINUS,KETUA PEGAWAI EKSEKUTIF,SABAH AIR AVIATION SDN BHD,PESERTA
SUE RACHELLE PAUL,KETUA PEGAWAI PERKHIDMATAN KORPORAT DAN UNDANG-UNDANG,SABAH ECONOMIC DEVELOPMENT AND INVESTMENT AUTHORITY,PESERTA
MOHD. AFFANDI BIN HARUN,AKAUNTAN KANAN,SABAH ECONOMIC DEVELOPMENT AND INVESTMENT AUTHORITY,PESERTA
KHADIZAH BINTI ABD RAHMAN,PEGAWAI ANALISA DASAR KANAN,SABAH ECONOMIC DEVELOPMENT AND INVESTMENT AUTHORITY,PESERTA
YB DATUK MOHAMMAD BIN MOHAMARIN,PENGERUSI,SABAH FISH MARKETING SDN BHD,PESERTA
TUAN KHAZARUDIN BIN KAHAR,TIMBALAN PENGERUSI,SABAH FISH MARKETING SDN BHD,PESERTA
DATUK ALSAT BIN EDRIS @ ARSAT IDRIS,AHLI LEMBAGA PENGARAH,SABAH FISH MARKETING SDN BHD,PESERTA
PUAN SARIDAH AB LAKATA,AHLI LEMBAGA PENGARAH,SABAH FISH MARKETING SDN BHD,PESERTA
ENCIK BURHAN HJ JAPAR,PENGURUS BESAR,SABAH FISH MARKETING SDN BHD,PESERTA
PUAN HALIJAH BINTI DIN,DEPUTY CHAIRMAN,SABAH FISH MARKETING SDN BHD,PESERTA
DATUK AZAMAN @ AZMAN BIN RUSLAN,PENGERUSI SYARIKAT,SABAH NET SDN. BHD.,PESERTA
DATUK JASMINE TEO GECK CHOO,PENGARAH,SABAH NET SDN. BHD.,PESERTA
PUAN ERNYWATI DEWI BINTI ABAS,PENGARAH,SABAH NET SDN. BHD.,PESERTA
TUAN HAJI RAMSAH @ RAMLI BIN TAHIR,PENGARAH,SAHAM SABAH BERHAD,PESERTA
AISAH BINTI SAYADI,PENGARAH,SAHAM SABAH BERHAD,PESERTA
MEHERUNNISA BINTI MOHAMMED ZULFIKAR,KETUA PEGAWAI EKSEKUTIF,SAHAM SABAH BERHAD,PESERTA
DATUK NELLIE SIKODOL,"TIMBALAN PENGERUSI, AHLI LEMBAGA PENGARAH",SAHAM SABAH BERHAD,PESERTA
NOOR ASPAH LELA ABU BAKAR,TIMBALAN KETUA PEGAWAI EKSEKUTIF,SAHAM SABAH BERHAD,PESERTA
DATUK VICTOR ATIONG,GROUP MANAGING DIRECTOR/GROUP CHIEF EXECUTIVE OFFICER,SAWIT KINABALU BERHAD,PESERTA
MARY KU MEI LI,BOD,SAWIT KINABALU BERHAD,PESERTA
DATO' DR JANATHAN KANDOK,BOD,SAWIT KINABALU BERHAD,PESERTA
FRED STANLEY SINIDOL,AHLI LEMBAGA PENGARAH,SAWIT KINABALU BERHAD,PESERTA
DATUK ABDUL RAHMAN BIN KONGKAWANG,BOD,SAWIT KINABALU BERHAD,PESERTA
DATUK ZAKARIA MOHD EDRIS,AHLI LEMBAGA PENGARAH,SAWIT KINABALU BERHAD,PESERTA
DATUK DR. DIONYSIA KIBAT,GROUP CHIEF EXECUTIVE OFFICER & EXECUTIVE DIRECTOR,SMJ ENERGY SDN BHD,PESERTA
SOONG THEN THEN @ SAMANTHA SOONG,CHIEF LEGAL & COMMERCIAL OFFICER,SMJ ENERGY SDN BHD,PESERTA
KENNY HUAH,CHIEF FINANCIAL OFFICER,SMJ ENERGY SDN BHD,PESERTA
FAISAL BIN ABDUL RAHMAN,SIP CHIEF EXECUTIVE OFFICER,SMJ ENERGY SDN BHD,PESERTA
PUAN GRACE CHU @ CHU SHUK KEN,DIRECTOR,SMJ ENERGY SDN BHD,PESERTA
DATUK ALBERT LO,DIRECTOR,SMJ ENERGY SDN BHD,PESERTA
CHENG LAY KUAN,DIRECTOR,SMJ ENERGY SDN BHD,PESERTA
ROSELI BIN SINDONG,PENGARAH URUSAN,YAYASAN USAHA MAJU,PESERTA
SAHRINI BINTI SAHAT,PENOLONG PENGARAH URUSAN (PENTADBIRAN),YAYASAN USAHA MAJU,PESERTA
DATUK HAJJAH MYRNA JIMENEZ@ISABELO,SETIAUSAHA TETAP KPLB,YAYASAN USAHA MAJU,PESERTA
ENCIK MACKEY APISON,PENGURUS BESAR,LEMBAGA KEBUDAYAAN NEGERI SABAH,PESERTA
ENCIK MOHD RASHDEY BIN DATUK HJ SABARDIN,AHLI LEMBAGA PENGARAH,LEMBAGA KEBUDAYAAN NEGERI SABAH,PESERTA
DATUK ROSEMARY AHPING,PENGURUS BESAR,LEMBAGA PEMBANGUNAN PERUMAHAN & BANDAR,PESERTA
MILDRED JENNIFER G. SHAM,"TIMBALAN PENGURUS BESAR/PENGURUS HARTA, PENJUALAN & PEMASARAN",LEMBAGA PEMBANGUNAN PERUMAHAN & BANDAR,PESERTA
MUHAMMAD KHAIRULNIZAM BIN HASNAN,CHIEF EXECUTIVE OFFICER,QHAZANAH HEALTHCARE SDN. BHD.,PESERTA
SUHAIMI BIN ISMAIL,TIMBALAN PENGERUSI QCBSB,QHAZANAH CEKAL BERSEPADU SDN. BHD.,PESERTA
MOHD FAIZAL BIN SAIDI,PENGURUS BESAR QCBSB,QHAZANAH CEKAL BERSEPADU SDN. BHD.,PESERTA
TUAN HAJI MOHAMAD DAMSHAL BIN AWANG DAMIT,GROUP CHIEF EXECUTIVE OFFICER,QHAZANAH SABAH BERHAD,PESERTA
YB. SENATOR TAN SRI DATUK SERI PANGLIMA ANIFAH BIN AMAN,PENGERUSI,QHAZANAH SABAH BERHAD,PESERTA
"SIM FUI, JP","CHIEF EXECUTIVE OFFICER, KOJASA HOLDINGS BERHAD",KOJASA HOLDINGS BERHAD,PESERTA
DATUK ZAMANI BIN BASRI,DEPUTY CHAIRMAN KOJASA HOLDINGS BERHAD,KOJASA HOLDINGS BERHAD,PESERTA
DATUK TEO AN LUN @ GEORGE,DIRECTOR KOJASA HOLDINGS BERHAD,KOJASA HOLDINGS BERHAD,PESERTA
JEREMY RONALD E KIMSIN,KETUA PEGAWAI EKSEKUTIF,COMMON TOWER TECHNOLOGIES SDN. BHD.,PESERTA
RUDY JAGLUL,AHLI LEMBAGA PENGARAH,COMMON TOWER TECHNOLOGIES SDN. BHD.,PESERTA
TAN SRI SUKARTI BIN WAKIMAN,CHAIRMAN,PROGRESSIVE INSURANCE BERHAD,PESERTA
TUAN JAIMIN BIN KAMIN,CHIEF EXECUTIVE OFFICER,PROGRESSIVE INSURANCE BERHAD,PESERTA
DATO KHALID BIN ABDOL RAHMAN,DIRECTOR,PROGRESSIVE INSURANCE BERHAD,PESERTA
DATUK GEORGE TAITIM TULAS,DIRECTOR,PROGRESSIVE INSURANCE BERHAD,PESERTA
MR. TAN SEE DIP,DIRECTOR,PROGRESSIVE INSURANCE BERHAD,PESERTA
DATUK BAHRUL RAZHA BIN HAJI CHUPRAT,PENGURUS BESAR,LEMBAGA KEMAJUAN PERHUTANAN NEGERI SABAH (SAFODA),PESERTA
ENCIK BARHUL BIN SAHIBU,AHLI LEMBAGA PENGARAH,LEMBAGA KEMAJUAN PERHUTANAN NEGERI SABAH (SAFODA),PESERTA
PUAN NOR HAYATY BINTI MOHD ADNAN,AHLI LEMBAGA PENGARAH,LEMBAGA KEMAJUAN PERHUTANAN NEGERI SABAH (SAFODA),PESERTA
PUAN LINDSAY MICHAEL GODTOL,AHLI LEMBAGA PENGARAH,LEMBAGA KEMAJUAN PERHUTANAN NEGERI SABAH (SAFODA),PESERTA
ALFIAN BIN RAHIM,AHLI LEMBAGA PENGARAH,MLGH (SABAH) SDN BHD,PESERTA
EMILIANA CHIN YEN LING,CHIEF EXECUTIVE OFFICER,DESA PLUS SDN BHD,PESERTA
DR  ZUL BAHAR BIN ABD RASHID,PENGARAH,DESA PLUS SDN BHD,PESERTA
MR CHOW CHUN NIAN,KETUA PEGAWAI EKSEKUTIF,DESA PLUS SDN BHD,PESERTA
DR NORMAH YUSOP,BOD,DKLIC DAN SOLIDEV,PESERTA
TUAN HAJI FAEZ AINSTEIN BIN NORDIN,GCEO,ANGKATAN HEBAT SDN. BHD.,PESERTA
DATUK DR. STEPHEN JACOB JIMBANGAN,DEPUTY CHAIRMAN,ANGKATAN HEBAT SDN. BHD.,PESERTA
SYED AHMAD BIN SYED ABAS,PENGERUSI,LEMBAGA SUKAN NEGERI SABAH,PESERTA
MUHD FIRDAUS BIN KASSIM,TIMBALAN PENGURUS BESAR,LEMBAGA SUKAN NEGERI SABAH,PESERTA
D. MARYAMA BINTI AG. DAUD,AHLI LEMBAGA,LEMBAGA SUKAN NEGERI SABAH,PESERTA
TUAN MAT SAIDI BIN MINTING,PENGURUS BESAR,PERKASA REALTY SDN. BHD.,PESERTA
DATUK DR. CHRISTOPER MANDUT,PENGERUSI / AHLI LEMBAGA PENGARAH,PERKASA REALTY SDN. BHD.,PESERTA
DATUK SR. WONG NYUK LEONG @LIFRED TALIBAN,AHLI LEMBAGA PENGARAH,KKIP GARDEN SDN BHD,PESERTA
BENEDICT BIN MASRI,PENGURUS BESAR,KKIP GARDEN SDN BHD,PESERTA
RAYMOND CHIEW VUI LEONG,CHIEF OPERATING OFFICER,SABAH INTERNATIONAL DAIRIES SDN BHD,PESERTA
FOO JEN WEI,GENERAL MANAGER - LAHAD DATU FLOUR MILL SDN BHD (ANAK SYARIKAT SEDCO),LAHAD DATU FLOUR MILL SDN. BHD.,PESERTA
SABILI AHUNANG,"AHLI LEMBAGA PENGARAH, KINABALU INTERNATIONAL HOTEL SDN BHD",KINABALU INTERNATIONAL HOTEL SDN. BHD.,PESERTA
DATUK MARY ANGELA SIPAUN,DIRECTOR,SABAH MINERAL MANAGEMENT SDN BHD,PESERTA
KEYSHA QAISARA HO ABDULLAH,MANAGEMENT EXECUTIVE,SABAH MINERAL MANAGEMENT SDN BHD,PESERTA
FEONEY LONELLA TONEY,EKSEKUTIF KEWANGAN,SABAH MINERAL MANAGEMENT SDN BHD,PESERTA
TUAN HAJI TUAH BIN TAHIR,KETUA PEGAWAI EKSEKUTIF,IIB INSURANCE BROKERS SDN. BHD.,PESERTA
LAND YEE FONG,AHLI LEMBAGA PENGARAH,IIB INSURANCE BROKERS SDN. BHD.,PESERTA
DATUK YUSOFF MOHAMED KASIM,CHAIRMAN,TABIN WILDLIFE HOLIDAYS SDN BHD,PESERTA
LAWRENCE CHIN,CEO,TABIN WILDLIFE HOLIDAYS SDN BHD,PESERTA
DATUK TPR. ALIJUS @ MOHD ALI BIN SIPIL,GENERAL MANAGER,TANJUNG ARU ECO DEVELOPMENT SDN BHD,PESERTA
TPR. AUGUS TAMANING,DIRECTOR,TANJUNG ARU ECO DEVELOPMENT SDN BHD,PESERTA
MUAMMAR JULKARNAIN,PENGARAH URUSAN,SMART SABAH SDN BHD,PESERTA
NONNY ATIKA YAHYA,PENGURUS BESAR,SMART SABAH SDN BHD,PESERTA
MOHD HANAFIAH BIN MOHD KASSIM,AHLI LEMBAGA PENGARAH,SMART SABAH SDN BHD,PESERTA
MOHD ZAKARIA BIN MANDALAM,"PENGURUS, PEMBANGUNAN PERNIAGAAN",SMART SABAH SDN BHD,PESERTA
MOHAMAD SHAHRIL BIN MOHAMAD ZAINI,"PENGURUS, AKAUN DAN KEWANGAN",SMART SABAH SDN BHD,PESERTA
SHAMSUL BAHRI BIN JOHARI,KETUA PEGAWAI EKSEKUTIF,SEDCO MINING SDN. BHD.,PESERTA
DATUK SR. ALAN CHUA MING LING,PENGERUSI,SEDCO MINING SDN. BHD.,PESERTA
DATUK JOHARI SAIMAN,TIM. PENGERUSI,SEDCO MINING SDN. BHD.,PESERTA
YB DATUK HAJI RUSDIN @ MUSIDI BIN RIMAN,PENGERUSI,PERBADANAN PINJAMAN SABAH,PESERTA
DATUK SARINUM BINTI SADIKUN,TIMABALAN PENGERUSI,PERBADANAN PINJAMAN SABAH,PESERTA
DATUK MARY E DUMPANGOL @ AMINAH AMBROSE,AHLI LEMBAGA PENGARAH,PERBADANAN PINJAMAN SABAH,PESERTA
DATUK WILLIE TADAM,AHLI LEMBAGA PENGARAH,PERBADANAN PINJAMAN SABAH,PESERTA
NIXON BIN ABDUL HABI,AHLI LEMBAGA PENGARAH,PERBADANAN PINJAMAN SABAH,PESERTA
CHARLES PETER MOJUNTIN,KETUA PEGAWAI EKSEKUTIF,PERBADANAN PINJAMAN SABAH,PESERTA
MOHAMMAD FIRDAUS ISMAIL,ANAK SYARIKAT (BIPSB),PERBADANAN PINJAMAN SABAH,PESERTA
VINSON JIT YONG TAN,ANAK SYARIKAT (BIPSB),PERBADANAN PINJAMAN SABAH,PESERTA
DATUK HJ. FAISYAL BIN DATUK YUSOF HAMDAIN DIEGO,CHAIRMAN OF JETAMA SDN BHD,JETAMA SDN. BHD.,PESERTA
DATUK AHMAD NAIM BIN UDDANG,CHIEF EXECUTIVE OFFICER OF JETAMA SDN BHD,JETAMA SDN. BHD.,PESERTA
DATUK ABIDIN BIN MADINGKIR,CHAIRMAN OF JETAMA WATER SDN BHD,JETAMA WATER SDN. BHD.,PESERTA
DATUK REDONAH BAHANDA,PENGERUSI AHLI LEMBAGA PENGARAH,SEDCOVEST HOLDINGS SDN. BHD.,PESERTA
YAHYA BIN SIDEK,PENGURUS BESAR,SEDCOVEST HOLDINGS SDN. BHD.,PESERTA
JOEANNE LEE SOON EE,SETIAUSAHA EKSEKUTIF,MAJLIS PERKHIDMATAN MASYARAKAT SABAH (MPMS),PESERTA
SITTI AMIRAH BINTI HARMAN,BENDAHARI,MAJLIS PERKHIDMATAN MASYARAKAT SABAH (MPMS),PESERTA
IVY BENJAMIN BOTINGON,AHLI,MAJLIS PERKHIDMATAN MASYARAKAT SABAH (MPMS),PESERTA
YBRS. IR. TS. HJ. ROHAN BIN AHMAT,AHLI LEMBAGA PENGARAH,SABAH ENERGY CORPORATION SDN BHD,PESERTA
YBRS. TUAN OMAR SALIM BIN SAIDIN,AHLI LEMBAGA PENGARAH,SABAH ENERGY CORPORATION SDN BHD,PESERTA
YBRS. TUAN PATRICT @ SULAIMAN B SINNIL @ MOHD SABRI,AHLI LEMBAGA PENGARAH,SABAH ENERGY CORPORATION SDN BHD,PESERTA
YBHG. DATUK IR. TS. ADZMIR BIN ABD RAHMAN,CHIEF EXECUTIVE OFFICE,SABAH ENERGY CORPORATION SDN BHD,PESERTA
ENCIK AZHAR BIN EDRIS,"HEAD, BUSINESS DEVELOPMENT & GAS TRADING",SABAH ENERGY CORPORATION SDN BHD,PESERTA
IR. TS. FAIZAL BIN ROSDI,"HEAD, TECHNICAL SERVICES",SABAH ENERGY CORPORATION SDN BHD,PESERTA
DATUK AFIZAL BIN ALDIN,KETUA PEGAWAI EKSEKUTIF,SABAH ENERGY CORPORATION SDN BHD,PESERTA
TINDARAMA DR BANABAS @ BENEDICT TAPIN,PRESIDEN MAJLIS HAL EHWAL ANAK NEGERI SABAH,MAJLIS HAL EHWAL ANAK NEGERI SABAH,PESERTA
"YBHG DATUK DR. HAJAH ROSMAWATI HAJI LASUKI, JP",KETUA PEGAWAI EKSEKUTIF,SABAH INTERNATIONAL CONVENTION CENTER (SICC),PESERTA
EN JOHANN JOSEPH DIEGO @ JOHAN YUSOF HAMDAN,AHLI LEMBAGA PENGARAH,PERMODALAN BUMIPUTRA SABAH BERHAD,PESERTA
EN GHULAM HASSAN BIN MOHD RAJIN,PENGURUS BESAR (MERANGKAP),PERMODALAN BUMIPUTRA SABAH BERHAD,PESERTA
DR. LIN YIN MEW @ PAUL,PENGARAH,POIC SDN BHD,PESERTA
DATUK FREDIAN GAN,KETUA PEGAWAI EKSEKUTIF KUMPULAN,POIC SDN BHD,PESERTA
DATUK BASARI BIN SARKUN,AHLI LEMBAGA PENGARAH,POIC SDN BHD,PESERTA
SAIL JAMALUDIN,CHIEF OPERATING OFFICER,BORNEO NATURE TOURS SDN. BHD.,PESERTA
RIXDYVZ A. JOPIN,FINANCE MANAGER,INNOPRISE JUNGLE LODGE SDN. BHD.,PESERTA
PATRICIA UBING,KETUA PEGAWAI EKSEKUTIF (CEO),SABAH DEVELOPMENT BANK BERHAD,PESERTA
DATUK JOSHUA HO,AHLI LEMBAGA PENGARAH,SABAH DEVELOPMENT BANK BERHAD,PESERTA
DATUK JAPAR BIN ESTEBAN,CHIEF EXECUTIVE OFFICER,ASIAN SUPPLY BASE SDN. BHD.,PESERTA
"DATUK RUJI BIN UBI, JP",DEPUTY CHAIRMAN,ASIAN SUPPLY BASE SDN. BHD.,PESERTA
TUAN CHRISTOPHER NG CHUNG YEE,DIRECTOR,ASIAN SUPPLY BASE SDN. BHD.,PESERTA
ZULAINAHWATY BINTI SULAIMAN,HEAD OF DEPARTMENT,ASIAN SUPPLY BASE SDN. BHD.,PESERTA
SUBHA SATHIAMOORTHY A/L MARIAH@MARAIAH,DIRECTOR,SEDCO COMMUNICATION SDN. BHD.,PESERTA
ENCIK SAZALI BIN JUSTI,PENGARAH,SABAH URBAN DEVELOPMENT CORPORATION SDN. BHD.,PESERTA
DATUK GOH CHIN LOK @ JOHNNY GOH,TIMBALAN PENGURUS BESAR,KKIP POWER SDN BHD,PESERTA
DATUK IR. PETER LAJUMIN,TIMBALAN PENGURUS BESAR,KKIP POWER SDN BHD,PESERTA
MOHD AZMIR BIN RAMLI,PENGARAH URUSAN KUMPULAN / KETUA PEGAWAI EKSEKUTIF,SABAH OIL AND GAS DEVELOPMENT CORPORATION SDN. BHD.,PESERTA
YAAKOB BIN MAHMOOD,"TIMBALAN, KETUA PEGAWAI EKSEKUTIF",SABAH OIL AND GAS DEVELOPMENT CORPORATION SDN. BHD.,PESERTA
DATUK SAKTIAN @ MOHD PINTAZ BASAR,PENGARAH,SABAH OIL AND GAS DEVELOPMENT CORPORATION SDN. BHD.,PESERTA
PUNEY KIOB @ ROBERT PUNEY,KETUA PEGAWAI EKSEKUTIF (SOGIP PORT SDN BHD),SABAH OIL AND GAS DEVELOPMENT CORPORATION SDN. BHD.,PESERTA
JASMIH BIN SLAMAT,KETUA PEGAWAI EKSEKUTIF KUMPULAN,YAYASAN BUMIPUTRA SABAH,PESERTA
PUAN EZLEENA ANSARI,"PENGURUS BESAR, ASAL BARU SDN BHD",YAYASAN BUMIPUTRA SABAH,PESERTA
CHARLES K. DALANSING,KETUA PEGAWAI EKSEKUTIF,KKIP CKD,PESERTA
TUAN JIMON JAHIM,XECUTIVE DIRECTOR,DBKK HOLDINGS SDN BHD,PESERTA
TUAN SAIRULLIZAM SUKOR,DIRECTOR,DBKK HOLDINGS SDN BHD,PESERTA
NOREDAH OTHMAN,KETUA PEGAWAI EKSEKUTIF,SABAH CONVENTION BUREAU,PESERTA
FRISCYELLA LAZABOT,FINANCE OFFICER,SABAH CONVENTION BUREAU,PESERTA
SITI SYAZLINA BT MAHMUD,ADMINISTRATION EXECUTIVE,SABAH CONVENTION BUREAU,PESERTA
REMYSTA JIMMY TAYLOR,KETUA PEGAWAI EKSEKUTIF,SABAPAK ECO SDN BHD,PESERTA
VICTOR FESTIVAL FREDOLINE SIKAIN,PENGARAH BERSEKUTU,INSTITUTE FOR DEVELOPMENT STUDIES (SABAH) (IDS),PESERTA
DATUK DAYANG NOORASHIKIN BINTI ZULKEFLI,PENGARAH,BAHAGIAN KABINET DAN DASAR,PESERTA
DATUK HAJAH MYRNA BINTI JIMENEZ,SETIAUSAHA TETAP,KEMENTERIAN PEMBANGUNAN LUAR BANDAR SABAH,PESERTA
DATUK JUMAIN ABDUL GHANI,SETIAUSAHA TETAP,"KEMENTERIAN PERTANIAN, PERIKANAN DAN INDUSTRI MAKANAN",PESERTA
AWG. DZULKERNAIN BIN AWG. HASSAN,TIMBALAN SETIAUSAHA TETAP,"KEMENTERIAN PERTANIAN, PERIKANAN DAN INDUSTRI MAKANAN",PESERTA
DATUK HASSAN MAHALI,SETIAUSAHA TETAP,KEMENTERIAN SAINS TEKNOLOGI DAN INOVASI SABAH,PESERTA
DATUK MOHD SOFIAN ALFIAN NAIR,SETIAUSAHA TETAP,KEMENTERIAN KEWANGAN,PESERTA
ANTHEA JAMES JIPANUS,TIMBALAN SETIAUSAHA TETAP (P),KEMENTERIAN KEWANGAN,PESERTA
DATUK CHEE SHOK TING,TIMBALAN SETIAUSAHA TETAP (O),KEMENTERIAN KEWANGAN,PESERTA
PUAN EVINA BRENDA MAJIMBUN,SETIAUSAHA RENDAH/CJN,KEMENTERIAN KEWANGAN,PESERTA
ENCIK MOHD FAIZAL MOHD TAHIR,SETIAUSAHA RENDAH/B,KEMENTERIAN KEWANGAN,PESERTA
PUAN DAYANG SELHA BINTI IBRAHIM,SETIAUSAHA RENDAH/PPA,KEMENTERIAN KEWANGAN,PESERTA
PUAN HAJAH ROSELIDAH BINTI RASKAN,SETIAUSAHA RENDAH/PPHA,KEMENTERIAN KEWANGAN,PESERTA
PUAN D.K ROS RITA AG TALIP,KETUA PENOLONG SETIAUSAHA/K&E,KEMENTERIAN KEWANGAN,PESERTA
